term,definition,link
Confederation,"Confederation is when several separate British colonies joined together in 1867 to form one country: Canada.",https://en.wikipedia.org/wiki/Canadian_Confederation
Dominion of Canada,"Canada's official name at Confederation in 1867 — ""Dominion"" was the term Canadians chose instead of calling the new country a kingdom or republic.",
Fathers of Confederation,"The politicians from Nova Scotia, New Brunswick, and the old Province of Canada who met in the 1860s and hammered out the deal that created Canada.",
British North America Act,"The 1867 law passed by the British Parliament that actually created Canada. It's still in force today, just renamed the Constitution Act, 1867.",
Constitution Act,"Canada's founding constitutional law — the 1867 version created the country, and a 1982 version added the Charter of Rights and Freedoms and brought the constitution fully under Canadian control.",
Responsible government,"A system where the people running the government (the Cabinet) only stay in power as long as they have the support of the majority of elected representatives — not because a governor simply appointed them.",
United Empire Loyalists,"Colonists who stayed loyal to the British Crown during the American Revolution and fled to Canada afterward, settling mostly in what's now Ontario and the Maritimes.",https://en.wikipedia.org/wiki/United_Empire_Loyalist
War of 1812,"A war between the United States and Britain (fought partly on Canadian soil) that ended in a stalemate — but it's remembered here because it kept Canada from being absorbed into the U.S.",https://en.wikipedia.org/wiki/War_of_1812
Royal Proclamation of 1763,"A decree from King George III that first recognized Indigenous peoples' rights to their land — it's the starting point for the treaty relationship between the Crown and First Nations.",
Red River,"The Manitoba settlement where, in 1869-70, the Métis rose up under Louis Riel after Canada tried to take over the territory without consulting the people already living there.",https://en.wikipedia.org/wiki/Red_River_Rebellion
1885 Rebellion,"A second uprising led by Louis Riel and the Métis, this time in Saskatchewan, that ended with Riel's trial and execution for treason.",
NWMP,"Short for North West Mounted Police — the force created in 1873 to police the newly settled Canadian West. It later became the RCMP.",
Quiet Revolution,"A period in the 1960s when Quebec rapidly modernized and moved away from Church control, and when Quebec nationalism (the idea of Quebec as a distinct society) grew stronger.",https://en.wikipedia.org/wiki/Quiet_Revolution
Official Languages Act,"A 1969 federal law that made English and French equal languages across the federal government, guaranteeing Canadians the right to federal services in either one.",
Vimy Ridge,"A First World War battle (1917) where Canadian troops fought together as one force for the first time and won — often called the moment Canada started feeling like a real nation.",https://en.wikipedia.org/wiki/Battle_of_Vimy_Ridge
Hundred Days,"The final string of Allied victories that ended the First World War in 1918, with Canadian troops under General Arthur Currie playing a leading role.",
D-Day,"June 6, 1944 — the day Allied forces landed in Normandy, France, to begin liberating Europe from Nazi occupation. Canadian troops led one of the five landing beaches.",https://en.wikipedia.org/wiki/Normandy_landings
Juno Beach,"The stretch of Normandy coastline that Canadian soldiers were assigned to capture on D-Day in 1944.",https://en.wikipedia.org/wiki/Juno_Beach
Battle of the Atlantic,"The Second World War naval campaign where Canadian warships helped protect supply convoys crossing the Atlantic from German submarines.",
Underground Railroad,"Not an actual railroad — a secret network of routes and safe houses that helped enslaved people escape the United States to freedom in Canada in the 1800s.",https://en.wikipedia.org/wiki/Underground_Railroad
Chinese Head Tax,"A fee the Canadian government charged Chinese immigrants (and only Chinese immigrants) to enter the country, starting in the 1880s. Canada formally apologized for it in 2006.",
Yukon Gold Rush,"A rush of prospectors into the Yukon in the 1890s after gold was discovered in the Klondike region, quickly turning a remote territory into a boomtown.",https://en.wikipedia.org/wiki/Klondike_Gold_Rush
Constitutional monarchy,"A system of government where a king or queen is the official head of state, but real day-to-day power rests with an elected government acting within the rules of a constitution.",https://en.wikipedia.org/wiki/Constitutional_monarchy
the Sovereign,"Canada's head of state — currently King Charles III. The role is symbolic and non-partisan; the elected Prime Minister and Cabinet actually run the country.",
the Crown,"Another name for the Sovereign's role as head of state — used to talk about the authority of the monarchy as an institution, separate from whoever happens to be king or queen at the time. You'll see it in phrases like ""Crown land"" (government-owned land) or ""the Crown prosecutes"" (the government brings criminal charges, not a private citizen).",
Governor General,"The Sovereign's representative in Canada, appointed on the Prime Minister's advice. The Governor General performs ceremonial duties and formally signs bills into law, but doesn't make political decisions.",https://en.wikipedia.org/wiki/Governor_General_of_Canada
Lieutenant Governor,"The Sovereign's representative in each province — basically the provincial version of the Governor General.",
Commissioner,"The federal government's representative in each of Canada's three territories (Yukon, Northwest Territories, Nunavut) — similar to a Lieutenant Governor, but appointed by Ottawa rather than the Sovereign.",
confidence vote,"A vote in the House of Commons on a major issue (like the budget) that tests whether the governing party still has enough support to keep governing. Losing one usually triggers an election.",
non-confidence,"When the House of Commons votes against the government on a major issue, showing it no longer has majority support — this can force the government to resign or call an election.",
Parliament,"Canada's federal law-making body, made up of three parts working together: the Sovereign (represented by the Governor General), the Senate, and the House of Commons.",https://en.wikipedia.org/wiki/Parliament_of_Canada
House of Commons,"The elected chamber of Parliament, where Members of Parliament (MPs) debate and vote on laws. This is the chamber that actually decides who forms the government.",
Senate,"Parliament's second chamber, whose members (Senators) are appointed rather than elected. It reviews and can propose changes to bills passed by the House of Commons.",
Senator,"A member of the Senate, appointed by the Governor General on the Prime Minister's advice, who serves until age 75.",
Royal assent,"The final formal step that turns a bill into law — the Governor General signs it on the Sovereign's behalf, after it has already passed both the House of Commons and the Senate.",
riding,"Another word for an electoral district — the specific geographic area whose voters elect one Member of Parliament (or one provincial representative).",
Cabinet,"The Prime Minister and the ministers chosen to run government departments (like Health or Finance). Cabinet proposes most new laws and the federal budget.",
Official Opposition,"The opposition party with the most seats in the House of Commons — its job is to challenge and hold the government to account.",
majority government,"A government where the winning party holds more than half the seats in the House of Commons, letting it pass laws without needing support from other parties.",
minority government,"A government where the winning party holds less than half the seats in the House of Commons, meaning it needs support from at least one other party to pass laws.",
Federalism,"A system of government where power is divided between a national (federal) government and provincial/territorial governments, each with its own areas of responsibility — e.g. Ottawa handles national defence and citizenship, while provinces run health care and education.",
Premier,"The head of a provincial or territorial government — the provincial equivalent of the Prime Minister.",
MLA,"Member of the Legislative Assembly — what an elected provincial representative is called in most provinces and territories.",
MNA,"Member of the National Assembly — what an elected provincial representative is called in Quebec.",
MPP,"Member of Provincial Parliament — what an elected provincial representative is called in Ontario.",
MHA,"Member of the House of Assembly — what an elected provincial representative is called in Newfoundland and Labrador.",
Elections Canada,"The independent federal agency responsible for running elections and keeping the national list of registered voters.",
by-law,"A local law passed by a municipal (city or town) council, covering things like parking, noise, or property standards.",
band council,"The elected leadership of a First Nation, made up of a chief and councillors, responsible for local services like housing, schools, and roads on the reserve.",
rule of law,"The principle that everyone — including the government itself — has to follow the law. No one is above it.",https://en.wikipedia.org/wiki/Rule_of_law
due process,"The principle that the government must follow fair, established legal procedures before it can take away someone's rights, freedom, or property.",
presumption of innocence,"The rule that anyone accused of a crime is treated as innocent unless and until a court actually proves them guilty.",
habeas corpus,"An old legal right letting someone who's been detained by the state demand to be brought before a court, so a judge can decide whether the detention is actually lawful.",https://en.wikipedia.org/wiki/Habeas_corpus
Supreme Court of Canada,"Canada's highest court — its decisions are final, and every other court in the country has to follow them.",https://en.wikipedia.org/wiki/Supreme_Court_of_Canada
Federal Court,"The court that handles legal cases specifically involving the federal government, such as immigration or federal agency decisions.",
King's Bench,"The name used in some provinces (instead of ""Superior Court"") for the main trial-level court that hears serious criminal and civil cases.",
RCMP,"The Royal Canadian Mounted Police — Canada's national police force, which also acts as the provincial police in most provinces (all except Ontario and Quebec).",https://en.wikipedia.org/wiki/Royal_Canadian_Mounted_Police
Musical Ride,"A famous RCMP ceremonial performance where uniformed Mounties on horseback perform intricate formations — a well-known symbol of the force.",
Charter of Rights and Freedoms,"Part of Canada's constitution (added in 1982) that guarantees Canadians' basic rights and freedoms — like freedom of speech, equality rights, and the right to a fair trial.",https://en.wikipedia.org/wiki/Canadian_Charter_of_Rights_and_Freedoms
fundamental freedoms,"The Charter's four basic freedoms guaranteed to everyone in Canada: freedom of conscience and religion, freedom of thought and expression, freedom of peaceful assembly, and freedom of association.",
mobility rights,"The Charter right letting Canadian citizens live, work, and travel freely anywhere in Canada.",
coat of arms,"Canada's official heraldic symbol — a shield-and-crest design combining English, French, Scottish, and Irish emblems along with maple leaves, used on official documents and buildings.",https://en.wikipedia.org/wiki/Coat_of_arms_of_Canada
A mari usque ad mare,"Canada's national motto, Latin for ""from sea to sea"" — it appears on the coat of arms.",
Red Ensign,"The flag Canada used for about 100 years before the current maple leaf flag was adopted in 1965 — it had the Union Jack in the corner and Canada's coat of arms.",https://en.wikipedia.org/wiki/Canadian_Red_Ensign
Fleur-de-lys,"A stylized lily symbol tied to French royal history — it's the central image on Quebec's flag.",
Order of Canada,"Canada's own national honour, created in 1967, given to people who've made an outstanding contribution to the country.",https://en.wikipedia.org/wiki/Order_of_Canada
Victoria Cross,"The highest award for bravery available to Canadian and Commonwealth armed forces members.",https://en.wikipedia.org/wiki/Victoria_Cross
Mace,"A ceremonial gold staff carried into the House of Commons before each sitting — it represents the authority of Parliament, and no formal business can happen without it present.",
Peace Tower,"The tall clock tower on Parliament Hill in Ottawa, built as a memorial to Canadians who died in the First World War.",
Books of Remembrance,"Books kept inside the Peace Tower that record the names of every Canadian who has died in military service.",
Stanley Cup,"The championship trophy of the National Hockey League, originally donated by a Governor General of Canada in 1892.",
Grey Cup,"The championship trophy of the Canadian Football League, originally donated by a Governor General of Canada in 1909.",
Snowbirds,"Canada's military air-show flight team, officially 431 Air Demonstration Squadron, known for their precision flying formations.",
GATT,"The General Agreement on Tariffs and Trade — a post-Second World War treaty that lowered trade barriers between countries. It eventually evolved into the World Trade Organization.",https://en.wikipedia.org/wiki/General_Agreement_on_Tariffs_and_Trade
WTO,"The World Trade Organization — the international body that sets and enforces the rules of global trade between countries, including Canada.",
NAFTA,"The North American Free Trade Agreement — a 1994 deal that removed most trade barriers between Canada, the United States, and Mexico.",https://en.wikipedia.org/wiki/North_American_Free_Trade_Agreement
G8,"A group of the world's major industrialized economies (including Canada) whose leaders meet regularly to coordinate on global economic issues.",
Canada Health Act,"The federal law that sets the rules every province's health care system has to follow in order to receive federal health funding.",
Canada and Quebec Pension Plans,"Government pension programs (Quebec runs its own, separate from the rest of Canada) that workers pay into during their careers and draw retirement income from afterward, started in 1965.",
Old Age Security,"A monthly government pension paid to most Canadians 65 and older, funded from general tax revenue rather than from contributions workers made during their careers.",
Employment Insurance,"A government program that provides temporary income support to workers who lose their job, funded by contributions from workers and employers.",
Canadian Shield,"A huge region of ancient, rocky terrain covering much of central and northern Canada — it's rich in minerals and forests but has poor farming soil.",https://en.wikipedia.org/wiki/Canadian_Shield
Confederation Bridge,"The bridge connecting Prince Edward Island to mainland New Brunswick — at about 12.9 km, one of the longest bridges in the world over ice-covered water.",https://en.wikipedia.org/wiki/Confederation_Bridge
Bay of Fundy,"A bay between Nova Scotia and New Brunswick famous for having the highest tides in the world.",https://en.wikipedia.org/wiki/Bay_of_Fundy
Acadians,"French colonists who settled the Maritime provinces starting in 1604 — many were forcibly deported by the British in the 1750s, an event known as the Great Upheaval.",https://en.wikipedia.org/wiki/Acadians
Anglophone,"Someone whose first or main language is English.",
Francophone,"Someone whose first or main language is French.",
Métis,"A distinct Indigenous people descended from historical unions between First Nations and European (mostly French) settlers, with their own culture and language.",https://en.wikipedia.org/wiki/M%C3%A9tis_in_Canada
Inuktitut,"The traditional language of the Inuit, and one of the official languages of Nunavut.",
First Nations,"A term for the Indigenous peoples of Canada who are not Inuit or Métis — there are over 600 First Nations across the country, each with its own culture and history.",
reserve,"Land set aside by the federal government specifically for the use of a First Nation.",
Nunavut,"Canada's youngest and northernmost territory, created in 1999, with a mostly Inuit population. The name means ""our land"" in Inuktitut.",https://en.wikipedia.org/wiki/Nunavut
Mackenzie River,"North America's second-longest river system, flowing through the Northwest Territories to the Arctic Ocean.",
Canadian Rangers,"A part-time reserve unit of the Canadian Armed Forces made up mostly of Indigenous and local volunteers, who patrol and watch over Canada's remote northern regions.",
NATO,"The North Atlantic Treaty Organization — a military alliance of Canada, the U.S., and mostly-European countries, formed after the Second World War, where an attack on one member is treated as an attack on all.",https://en.wikipedia.org/wiki/NATO
NORAD,"The North American Aerospace Defence Command — a joint Canada-U.S. military command that watches North American airspace for threats.",
La Francophonie,"An international organization of French-speaking countries and governments, which Canada helped found in 1970.",
Commonwealth,"A voluntary association of mostly former British colonies, including Canada, that grew out of the British Empire. The Sovereign serves as its ceremonial head.",https://en.wikipedia.org/wiki/Commonwealth_of_Nations
Canadarm,"A robotic arm designed and built in Canada that was used on NASA's Space Shuttle to move cargo and help with repairs in orbit.",https://en.wikipedia.org/wiki/Canadarm
New France,"France's North American colony, founded in the early 1600s and centred on the St. Lawrence River in what's now Quebec. At its peak it stretched from Hudson Bay down to the Gulf of Mexico, but Britain took it over after defeating France at the Plains of Abraham in 1759.",https://en.wikipedia.org/wiki/New_France
Aboriginal,"The term Canada's citizenship material and Charter of Rights use for the country's original inhabitants as a group — First Nations, Inuit, and Métis together. They're one of Canada's three ""founding peoples,"" alongside the French and the British; ""Indigenous"" is the more commonly used word today, but ""Aboriginal"" remains the official legal wording.",https://en.wikipedia.org/wiki/Indigenous_peoples_in_Canada
Canadiens,"The name French-speaking Catholic settlers of New France called themselves (also ""Habitants""). After Britain took over the colony in 1763, the Quebec Act of 1774 let them keep their Catholic faith, French civil law, and way of life.",
Hudson's Bay Company,"A British fur-trading company chartered in 1670 and given exclusive trading rights over the huge Hudson Bay watershed (Rupert's Land). It dominated Canada's early fur trade for two centuries before selling its territory to the new Canadian government in 1869.",https://en.wikipedia.org/wiki/Hudson%27s_Bay_Company
Rupert's Land,"The vast territory draining into Hudson Bay — covering most of today's Prairies, northern Ontario and Quebec, and part of the Arctic — that Britain granted to the Hudson's Bay Company in 1670. Canada bought it in 1869, and it later became the base for Manitoba, the Northwest Territories, and Nunavut.",https://en.wikipedia.org/wiki/Rupert%27s_Land
Fort Garry,"A Hudson's Bay Company fort at the meeting point of the Red and Assiniboine rivers, seized by Louis Riel and the Métis in the 1869-70 Red River uprising. It later grew into the city of Winnipeg.",
Voyageurs,"French-Canadian canoemen hired by fur-trading companies to paddle trade goods and furs along the rivers and lakes of the fur-trade routes, often forming close alliances with First Nations along the way.",
Coureurs des bois,"French for ""runners of the woods"" — independent, unlicensed fur traders (unlike the company-employed voyageurs) who lived and traded directly with First Nations deep in the woods, without a fur company's permission.",
Residential schools,"Government-funded, church-run boarding schools that operated from the 1800s to 1996, where Aboriginal children were often forcibly separated from their families with the goal of assimilating them into non-Indigenous culture. Conditions were frequently poorly funded and abusive, and the federal government formally apologized in 2008.",https://en.wikipedia.org/wiki/Canadian_Indian_residential_school_system
CPR,"Short for the Canadian Pacific Railway — the transcontinental railway completed in 1885, financed by British and American investors and built largely by European and Chinese labourers, that physically linked Canada from coast to coast and is often called a symbol of the country's unity.",https://en.wikipedia.org/wiki/Canadian_Pacific_Railway
